<?xml version="1.0" encoding="UTF-8"?>
<project-private xmlns="http://www.netbeans.org/ns/project-private/1">
    <editor-bookmarks xmlns="http://www.netbeans.org/ns/editor-bookmarks/2" lastBookmarkId="0"/>
    <open-files xmlns="http://www.netbeans.org/ns/projectui-open-files/2">
        <group>
            <file>file:/C:/Users/cesquerr/Documents/School/ECE3301/Lab13/Lab13.X/Setup_Alarm_Time.h</file>
            <file>file:/C:/Users/cesquerr/Documents/School/ECE3301/Lab13/Lab13.X/Main_Screen.c</file>
            <file>file:/C:/Users/cesquerr/Documents/School/ECE3301/Lab13/Lab13.X/I2C_Soft.c</file>
            <file>file:/C:/Users/cesquerr/Documents/School/ECE3301/Lab13/Lab13.X/Main.c</file>
            <file>file:/C:/Users/cesquerr/Documents/School/ECE3301/Lab13/Lab13.X/Setup_Alarm_Time.c</file>
            <file>file:/C:/Users/cesquerr/Documents/School/ECE3301/Lab13/Lab13.X/Setup_Time.c</file>
            <file>file:/C:/Users/cesquerr/Documents/School/ECE3301/Lab13/Lab13.X/Setup_Heater_Temp.c</file>
            <file>file:/C:/Users/cesquerr/Documents/School/ECE3301/Lab13/Lab13.X/Main_Screen.h</file>
            <file>file:/C:/Users/cesquerr/Documents/School/ECE3301/Lab13/Lab13.X/I2C_Support.h</file>
            <file>file:/C:/Users/cesquerr/Documents/School/ECE3301/Lab13/Lab13.X/I2C_Soft.h</file>
            <file>file:/C:/Users/cesquerr/Documents/School/ECE3301/Lab13/Lab13.X/Setup_Heater_Temp.h</file>
            <file>file:/C:/Users/cesquerr/Documents/School/ECE3301/Lab13/Lab13.X/utils.c</file>
            <file>file:/C:/Users/cesquerr/Documents/School/ECE3301/Lab13/Lab13.X/I2C_Support.c</file>
            <file>file:/C:/Users/cesquerr/Documents/School/ECE3301/Lab13/Lab13.X/Interrupt.c</file>
            <file>file:/C:/Users/cesquerr/Documents/School/ECE3301/Lab13/Lab13.X/ST7735_TFT.c</file>
            <file>file:/C:/Users/cesquerr/Documents/School/ECE3301/Lab13/Lab13.X/Interrupt.h</file>
            <file>file:/C:/Users/cesquerr/Documents/School/ECE3301/Lab13/Lab13.X/Main.h</file>
            <file>file:/C:/Users/cesquerr/Documents/School/ECE3301/Lab13/Lab13.X/Fan_Support.c</file>
            <file>file:/C:/Users/cesquerr/Documents/School/ECE3301/Lab13/Lab13.X/utils.h</file>
        </group>
    </open-files>
</project-private>
