<?xml version="1.0" encoding="UTF-8"?>
<project-private xmlns="http://www.netbeans.org/ns/project-private/1">
    <editor-bookmarks xmlns="http://www.netbeans.org/ns/editor-bookmarks/2" lastBookmarkId="0"/>
    <open-files xmlns="http://www.netbeans.org/ns/projectui-open-files/2">
        <group>
            <file>file:/C:/Users/Dara/MPLABXProjects/Lab11/Part2/Lab11p1.X/ST7735.h</file>
            <file>file:/C:/Users/Dara/MPLABXProjects/Lab11/Part2/Lab11p1.X/I2C_Soft.h</file>
            <file>file:/C:/Users/Dara/MPLABXProjects/Lab11/Part2/Lab11p1.X/I2C_Support.c</file>
            <file>file:/C:/Users/Dara/MPLABXProjects/Lab11/Part2/Lab11p1.X/Interrupt.h</file>
            <file>file:/C:/Users/Dara/MPLABXProjects/Lab11/Part2/Lab11p1.X/I2C_Support.h</file>
            <file>file:/C:/Users/Dara/MPLABXProjects/Lab11/Part2/Lab11p1.X/Interrupt.c</file>
            <file>file:/C:/Users/Dara/MPLABXProjects/Lab11/Part2/Lab11p1.X/Lab11p1.c</file>
            <file>file:/C:/Users/Dara/MPLABXProjects/Lab11/Part2/Lab11p1.X/I2C_Soft.c</file>
            <file>file:/C:/Users/Dara/MPLABXProjects/Lab11/Part2/Lab11p1.X/ST7735_TFT.c</file>
        </group>
    </open-files>
</project-private>
