<?xml version="1.0" encoding="UTF-8"?>
<project-private xmlns="http://www.netbeans.org/ns/project-private/1">
    <editor-bookmarks xmlns="http://www.netbeans.org/ns/editor-bookmarks/2" lastBookmarkId="0"/>
    <open-files xmlns="http://www.netbeans.org/ns/projectui-open-files/2">
        <group>
            <file>file:/C:/Users/Dara/MPLABXProjects/Lab12/Part2/Lab12p1.X/ST7735_TFT.h</file>
            <file>file:/C:/Users/Dara/MPLABXProjects/Lab12/Part2/Lab12p1.X/I2C_Support.c</file>
            <file>file:/C:/Users/Dara/MPLABXProjects/Lab12/Part2/Lab12p1.X/Fan_Support.h</file>
            <file>file:/C:/Users/Dara/MPLABXProjects/Lab12/Part2/Lab12p1.X/Lab12p1.c</file>
            <file>file:/C:/Users/Dara/MPLABXProjects/Lab12/Part2/Lab12p1.X/ST7735_TFT.c</file>
            <file>file:/C:/Users/Dara/MPLABXProjects/Lab12/Part2/Lab12p1.X/I2C_Soft.c</file>
            <file>file:/C:/Users/Dara/MPLABXProjects/Lab12/Part2/Lab12p1.X/I2C.h</file>
            <file>file:/C:/Users/Dara/MPLABXProjects/Lab12/Part2/Lab12p1.X/I2C_Support.h</file>
            <file>file:/C:/Users/Dara/MPLABXProjects/Lab12/Part2/Lab12p1.X/Main_Screen.c</file>
            <file>file:/C:/Users/Dara/MPLABXProjects/Lab12/Part2/Lab12p1.X/Main_Screen.h</file>
            <file>file:/C:/Users/Dara/MPLABXProjects/Lab12/Part2/Lab12p1.X/Interrupt.h</file>
            <file>file:/C:/Users/Dara/MPLABXProjects/Lab12/Part2/Lab12p1.X/Main.h</file>
            <file>file:/C:/Users/Dara/MPLABXProjects/Lab12/Part2/Lab12p1.X/Fan_Support.c</file>
        </group>
    </open-files>
</project-private>
